﻿{
  "PROJETO-NEW": {
    "EXISTING-SUBSETOR": "Este subsetor já está na lista, desta forma ele não foi adicionado novamente.",
    "FINAL-DATE": "Data de Término",
    "INITIAL-DATE": "Data de Início",
    "NO-ITEM-TO-REMOVE": "Nenhum item foi identificado para ser removido. Alguma coisa deu errada.",
    "OBJECTIVES": "Objetivos",
    "OUTPUTS": "Resultados Esperados",
    "REMOVED-ITEM": "Este item for removido da lista.",
    "SAVE":  "Salvar Projeto",
    "TITLE": "Título"

  }
}