﻿{
  "PROJETO-FORM": {
    "DELETE":  "Delete Project",
    "EXISTING-SUBSETOR": "This subsetor is already in the list, so it has not been added again.",
    "FINAL-DATE": "Final Date",
    "INITIAL-DATE": "Initial Date",
    "NO-ITEM-TO-REMOVE": "No item has been identified to be deleted. Something went wrong.",
    "NEW":  "New Project",
    "OBJECTIVES": "Objectives",
    "OUTPUTS": "Outputs",
    "REMOVED-ITEM": "This item has been removed from the list.",
    "SAVED-ITEM": "Sucefully saved.",
    "SAVE": "Save Project",
    "TITLE": "Title"
  }
}
