﻿{
  "PROJETO-FORM": {
    "DELETE":  "Apagar Projeto",
    "EXISTING-SUBSETOR": "Este subsetor já está na lista, desta forma ele não foi adicionado novamente.",
    "FINAL-DATE": "Data de Término",
    "INITIAL-DATE": "Data de Início",
    "NO-ITEM-TO-REMOVE": "Nenhum item foi identificado para ser removido. Alguma coisa deu errada.",
    "NEW":  "Novo Projeto",
    "OBJECTIVES": "Objetivos",
    "OUTPUTS": "Resultados Esperados",
    "REMOVED-ITEM": "Este item for removido da lista.",
    "SAVED-ITEM": "Salvo com sucesso.",
    "SAVE": "Salvar Projeto",
    "TITLE": "Título"

  }
}